Zaman_sn,X_Konum,Y_Konum,Irtifa_m
0.0,0.0,0.0,50.0
0.20040080160320642,0.20023985929716676,0.008029945943688147,50.40080160320641
0.40080160320641284,0.3995145817705161,0.032093988308722274,50.80160320641283
0.6012024048096193,0.5968616144126915,0.07211480284619082,51.20240480961924
0.8016032064128257,0.7913235660389328,0.12796372283873997,51.60320641282565
1.0020040080160322,0.9819507736845624,0.19946104918124286,52.00400801603207
1.2024048096192386,1.167803851619466,0.2863764835635383,52.40480961923848
1.402805611222445,1.3479562172411286,0.3884296838272852,52.80561122244489
1.6032064128256514,1.5214965881555294,0.5052909403070431,53.206412825651306
1.8036072144288577,1.6875314448147443,0.6365819717061472,53.607214428857716
2.0040080160320644,1.8451874531512593,0.7818768388013161,54.00801603206413
2.2044088176352705,1.9936138417316986,0.9407029740167241,54.40881763527054
2.404809619238477,2.1319847280466737,1.112542324659004,54.809619238476955
2.6052104208416833,2.259501388658669,1.2968326073598107,55.210420841683366
2.80561122244489,2.3753944680460086,1.4929686710326942,55.611222444889776
3.006012024048096,2.478926121107802,1.700303965416525,56.012024048096194
3.2064128256513027,2.569392084432145,1.9181521120491478,56.412825651302605
3.4068136272545093,2.6461236715773575,2.1457885742926748,56.813627254509015
3.6072144288577155,2.7084896877735303,2.382452422816401,57.21442885771543
3.807615230460922,2.75589825961872,2.627348192735118,57.61523046092184
4.008016032064129,2.7877985755204664,2.8796478284000537,58.016032064128254
4.208416833667335,2.803682532818603,3.1384927116471784,58.41683366733467
4.408817635270541,2.8030862877191556,3.4029957691236357,58.81763527054108
4.609218436873747,2.7855917043711607,3.6722436541378136,59.21843687374749
4.809619238476954,2.7508276996280454,3.945298998312639,59.61923847695391
5.01002004008016,2.69847148025239,4.221202728165196,60.02004008016032
5.210420841683367,2.628249669547025,4.4989764415891695,60.42084168336673
5.410821643286574,2.539939320626021,4.7776248390802145,60.82164328657315
5.61122244488978,2.4333688137758385,5.05613820441827,61.22244488977956
5.811623246492986,2.308418635599094,5.333494929405718,61.62324649298597
6.012024048096192,2.165022037880809,5.6086640771557486,62.02404809619239
6.212424849699399,2.003165574368894,5.880607978332337,62.4248496993988
6.412825651302605,1.822889513916742,6.148284854661262,62.82565130260521
6.613226452905812,1.6242881286954063,6.41065146396155,63.22645290581163
6.813627254509019,1.4075098564456532,6.666665760888004,63.62725450901804
7.014028056112225,1.1727573360054313,6.915289567528961,64.02805611222445
7.214428857715431,0.9202873156156853,7.155491247968518,64.42885771543087
7.414829659318637,0.6504104337762886,7.386248380899891,64.82965931863727
7.615230460921844,0.36349087269368086,7.606550424365851,65.23046092184369
7.81563126252505,0.0599458846320985,7.815401366703734,65.6312625250501
8.016032064128257,-0.2597548082496662,8.011822357786244,66.03206412825651
8.216432865731463,-0.5950897397243787,8.194854314674966,66.43286573146293
8.41683366733467,-0.9454865498656483,8.363560495841561,66.83366733466934
8.617234468937877,-1.3103229585738416,8.51702903816145,67.23446893787576
8.817635270541082,-1.6889278606080271,8.654375450946883,67.63527054108216
9.01803607214429,-2.080582540211578,8.774745061360035,68.03607214428858
9.218436873747494,-2.4845220031609663,8.877315405632297,68.43687374749499
9.418837675350701,-2.8999364238129064,8.961298560613244,68.8376753507014
9.619238476953909,-3.3259727044748737,9.025943410281203,69.23847695390782
9.819639278557114,-3.761736144179012,9.070537841967194,69.63927855711422
10.02004008016032,-4.206292213699478,9.094410867174982,70.04008016032064
10.220440881763528,-4.658668433419381,9.096934662021326,70.44088176352706
10.420841683366733,-5.117856350425887,9.077526522472905,70.84168336673346
10.62124248496994,-5.582813610991073,9.035650729718542,71.24248496993988
10.821643286573147,-6.052466124382594,8.970820321187734,71.6432865731463
11.022044088176353,-6.525710313742281,8.882598762908348,72.0440881763527
11.22244488977956,-7.001415449573048,8.770601519087457,72.44488977955912
11.422845691382767,-7.478426061184906,8.634497514999481,72.84569138276554
11.623246492985972,-7.955564421270925,8.474010489474209,73.24649298597194
11.823647294589179,-8.43163309861249,8.288920233494128,73.64729458917836
12.024048096192384,-8.905417573752015,8.079063711634936,74.04809619238478
12.224448897795591,-9.375688912319752,7.844336063314747,74.44889779559118
12.424849699398798,-9.841206490560097,7.584691481056315,74.8496993987976
12.625250501002004,-10.300720767472589,7.3001439632112906,75.250501002004
12.82565130260521,-10.752976097862884,6.990767938846792,75.65130260521042
13.026052104208418,-11.196713580490744,6.6566987627507,76.05210420841684
13.226452905811623,-11.630673935405087,6.298133078773539,76.45290581162325
13.42685370741483,-12.05360040447079,5.9153290499904525,76.85370741482966
13.627254509018037,-12.464241669018223,5.508606454436747,77.25450901803607
13.827655310621243,-12.861354778485317,5.078346645443254,77.65531062124248
14.02805611222445,-13.243708083872308,4.624992375874042,78.0561122244489
14.228456913827655,-13.610084169792444,4.149047485847218,78.45691382765531
14.428857715430862,-13.95928277887722,3.651076453799705,78.85771543086173
14.629258517034069,-14.290123722282512,3.131703811038408,79.25851703406813
14.829659318637274,-14.6014497700425,2.5916134202020036,79.65931863727455
15.030060120240481,-14.892129515031076,2.0315476183401553,80.06012024048096
15.230460921843688,-15.161060204316032,1.4523062255986046,80.46092184368737
15.430861723446894,-15.407170531729536,0.854745420779476,80.86172344689379
15.6312625250501,-15.629423385528993,0.23977648532543744,81.26252505010021
15.831663326653308,-15.826818545085471,-0.39163558244609464,81.66332665330661
16.032064128256515,-15.998395320612515,-1.0384735807582997,82.06412825651303
16.23246492985972,-16.143235130035936,-1.6996697430675438,82.46492985971943
16.432865731462925,-16.26046400720508,-2.374107499393526,82.86573146292585
16.633266533066134,-16.349255035757963,-3.0606233573833843,83.26653306613227
16.83366733466934,-16.408830703076536,-3.7580088999477406,83.66733466933869
17.034068136272545,-16.43846516890351,-4.465012896053248,84.06813627254509
17.234468937875754,-16.437486443338926,-5.180343521008346,84.46893787575151
17.43486973947896,-16.405278469092476,-5.902670682337776,84.86973947895791
17.635270541082164,-16.341283103036105,-6.630628447107191,85.27054108216433
17.835671342685373,-16.24500199228081,-7.362817566331576,85.67134268537075
18.03607214428858,-16.115998340190803,-8.097808091882007,86.07214428857716
18.236472945891784,-15.953898557947552,-8.834142081094345,86.47294589178357
18.43687374749499,-15.758393797485164,-9.57033638408029,86.87374749498997
18.637274549098198,-15.5292413618364,-10.304885508548505,87.27454909819639
18.837675350701403,-15.26626598915567,-11.036264556758873,87.6753507014028
19.03807615230461,-14.969361006920165,-11.762932229059533,88.07615230460922
19.238476953907817,-14.638489353053615,-12.483333888291948,88.47695390781564
19.438877755511022,-14.273684460967637,-13.195904679196204,88.87775551102204
19.639278557114228,-13.875051005773031,-13.899072696806916,89.27855711422845
19.839679358717436,-13.442765509177828,-14.591262197698239,89.67935871743487
20.04008016032064,-12.977076800858725,-15.270896847817788,90.08016032064128
20.240480961923847,-12.47830633436839,-15.936403000541352,90.4809619238477
20.440881763527056,-11.946848355921913,-16.586212998484584,90.88176352705412
20.64128256513026,-11.383169924690938,-17.218768492524724,91.28256513026052
20.841683366733466,-10.78781078352293,-17.83252377141499,91.68336673346693
21.042084168336675,-10.16138307929621,-18.425949095315485,92.08416833667334
21.24248496993988,-9.50457093241646,-18.99753402652001,92.48496993987976
21.442885771543086,-8.818129855258308,-19.54579075062575,92.88577154308618
21.643286573146295,-8.102886019655463,-20.069257381373305,93.2865731462926
21.8436873747495,-7.3597353738431615,-20.566501242379378,93.687374749499
22.044088176352705,-6.5896426095582985,-21.036122118991106,94.0881763527054
22.244488977955914,-5.793639980303977,-21.476755473511947,94.48897795591182
22.44488977955912,-4.972825972085863,-21.88707561708292,94.88977955911824
22.645290581162325,-4.1283638282271635,-22.26579883155025,95.29058116232466
22.845691382765533,-3.2614799301675044,-22.611686434710744,95.69138276553107
23.04609218436874,-2.3734620364460044,-22.923547782399904,96.09218436873748
23.246492985971944,-1.4656573823616692,-23.200243200974676,96.49298597194388
23.44689378757515,-0.5394706430935596,-23.440686843842062,96.8937875751503
23.647294589178358,0.4036382366516092,-23.643849465797587,97.29458917835672
23.847695390781563,1.362156343116346,-23.80876110906261,97.69539078156313
24.04809619238477,2.3345202204703823,-23.934513695047276,98.09619238476954
24.248496993987978,3.3191184203961233,-24.020263516015618,98.49699398797596
24.448897795591183,4.314294170124995,-24.06523362099128,98.89779559118236
24.649298597194388,5.3183481545112965,-24.06871609041611,99.29859719438878
24.849699398797597,6.329541407480625,-24.030074194258948,99.6993987975952
25.050100200400802,7.346098307948185,-23.948744428468082,100.10020040080161
25.250501002004007,8.36620967506971,-23.824238424868387,100.50100200400801
25.450901803607216,9.388035957462202,-23.656144729821335,100.90180360721443
25.65130260521042,10.409710510817105,-23.444130447194215,101.30260521042084
25.851703406813627,11.429342958122929,-23.187942741422,101.70340681362725
26.052104208416836,12.445022626518162,-22.887410196692446,102.10420841683367
26.25250501002004,13.454822054611379,-22.542444028540263,102.50501002004009
26.452905811623246,14.456800563930651,-22.153039144400605,102.90581162324649
26.653306613226455,15.449007888001967,-21.719275049943867,103.30661322645291
26.85370741482966,16.429487852405295,-21.241316598293626,103.70741482965931
27.054108216432866,17.396282099018187,-20.7194145795155,104.10821643286573
27.254509018036075,18.347433847529466,-20.15390614805824,104.50901803607215
27.45490981963928,19.280991687192024,-19.54521508612677,104.90981963927857
27.655310621242485,20.195013391682437,-18.89385190127134,105.31062124248497
27.855711422845694,21.087569749846832,-18.20041375678589,105.71142284569139
28.0561122244489,21.95674840503769,-17.465584233822405,106.11222444889779
28.256513026052104,22.800657695685594,-16.69013292444448,106.51302605210421
28.45691382765531,23.617430489701647,-15.874914855164132,106.91382765531063
28.65731462925852,24.405228005273628,-15.020869740827992,107.31462925851704
28.857715430861724,25.16224361059849,-14.129021069044041,107.71543086172345
29.05811623246493,25.886706595089166,-13.200475015665493,108.11623246492985
29.258517034068138,26.57688590460174,-12.236419192175324,108.51703406813627
29.458917835671343,27.23109383325202,-11.238121226141802,108.91783567134269
29.65931863727455,27.84768966442817,-10.206927176240733,109.3186372745491
29.859719438877757,28.425083253656773,-9.14425978366621,109.71943887775552
30.060120240480963,28.96173854604566,-8.051616562074123,110.12024048096193
30.260521042084168,29.45617702110656,-6.930567728523609,110.52104208416833
30.460921843687377,29.906981057854054,-5.782753978200162,110.92184368737475
30.661322645290582,30.31279721318534,-4.609884106017428,111.32264529058116
30.861723446893787,30.672339406666566,-3.413732478505449,111.72344689378758
31.062124248496996,30.984392004986578,-2.1961363596982926,112.124248496994
31.2625250501002,31.24781279948759,-0.958993095033654,112.5250501002004
31.462925851703407,31.461535870343933,0.29574284242932264,112.9258517034068
31.663326653306616,31.62457433113471,1.5660629388797098,113.32665330661322
31.86372745490982,31.73602294774355,2.849907854838254,113.72745490981964
32.06412825651303,31.795060625718754,4.145170763308333,114.12825651302606
32.26452905811623,31.80095276043863,5.4497008055834755,114.52905811623246
32.46492985971944,31.753053444650725,6.761306659045836,114.92985971943888
32.66533066132265,31.65080752818866,8.077760211042511,115.3306613226453
32.86573146292585,31.493752524916285,9.396800332692157,115.7314629258517
33.06613226452906,31.281520362205402,10.716136746246681,116.13226452905812
33.26653306613227,31.013838968520407,12.033453979417402,116.53306613226454
33.46693386773547,30.69053369495918,13.346415399872534,116.93386773547094
33.66733466933868,30.311528566885762,14.652667322918466,117.33466933867736
33.86773547094189,29.876847362084646,15.9498431851975,117.73547094188378
34.06813627254509,29.3866145121691,17.23556777706714,118.13627254509018
34.2685370741483,28.841055824286457,18.507461526170157,118.5370741482966
34.46893787575151,28.24049902048131,19.76314482456198,118.93787575150301
34.66933867735471,27.585374092400805,21.000242391635044,119.33867735470942
34.86973947895792,26.87621346935754,22.216387664963015,119.73947895791584
35.07014028056113,26.11365199810075,23.409227211087615,120.14028056112225
35.27054108216433,25.298426732987068,24.57642514818473,120.54108216432866
35.47094188376754,24.431376535586978,25.715667572473873,120.94188376753507
35.671342685370746,23.51344148311217,26.82466698017727,121.34268537074149
35.87174348697395,22.545662085399346,27.901166676794077,121.7434869739479
36.07214428857716,21.529178310540754,28.942945165426256,122.14428857715431
36.27254509018036,20.46522841960773,29.94782050588068,122.54509018036072
36.47294589178357,19.3551476112684,30.913654636276554,122.94589178356713
36.673346693386776,18.20036647746024,31.83835764890338,123.34669338677355
36.87374749498998,17.00240927163299,32.719892012110435,123.74749498997996
37.07414829659319,15.762891991434431,33.55627673005686,124.14829659318637
37.274549098196395,14.483520278066415,34.34559143221576,124.54909819639279
37.4749498997996,13.166087134889203,35.08598038460654,124.9498997995992
37.675350701402806,11.812470468203113,35.775656414823786,125.35070140280561
37.875751503006015,10.42463045348186,36.412904743041324,125.75150300601203
38.07615230460922,9.00460673067308,36.99608671129576,126.15230460921843
38.276553106212425,7.554515432518857,37.52364340349341,126.55310621242485
38.476953907815634,6.076546050181262,37.99409914873881,126.95390781563127
38.677354709418836,4.572958140781214,38.406064900753194,127.35470941883767
38.877755511022045,3.046077881779281,38.75824148633346,127.75551102204409
39.078156312625254,1.4982944774383922,39.049422715999924,128.1563126252505
39.278557114228455,-0.067943577090177,39.278498350192045,128.5571142284569
39.478957915831664,-1.650132368219348,39.44445691459527,128.95791583166334
39.67935871743487,-3.2457165667941537,39.546388358419186,129.35871743486973
39.879759519038075,-4.8520935549765465,39.583486549697255,129.75951903807615
40.08016032064128,-6.466617670482292,39.555051601939724,130.16032064128257
40.28056112224449,-8.086604561249118,39.46049202674568,130.56112224448898
40.480961923847694,-9.709335643374507,39.29932670726439,130.9619238476954
40.6813627254509,-11.33206265492644,39.0711866876926,131.3627254509018
40.88176352705411,-12.952012298011892,38.77581677430046,131.76352705410824
41.08216432865731,-14.566390961282169,38.41307694379456,132.16432865731463
41.28256513026052,-16.172389514858676,37.982943555152374,132.56513026052104
41.48296593186373,-17.767188169482427,37.485510361396585,132.96593186372746
41.68336673346693,-19.347961391526265,36.92098931811967,133.36673346693385
41.88376753507014,-20.911882865354848,36.28971118591982,133.7675350701403
42.08416833667335,-22.456130494380226,35.592125924266256,134.1683366733467
42.28456913827655,-23.977891432040497,34.828802874674984,134.5691382765531
42.48496993987976,-25.474367133819896,34.00043073144579,134.96993987975952
42.68537074148297,-26.94277842133757,33.1078172985861,135.37074148296594
42.88577154308617,-28.380370549458224,32.15188903192507,135.77154308617236
43.08617234468938,-29.784418267316095,31.133690365805393,136.17234468937875
43.28657314629259,-31.15223086410132,30.05438282412521,136.5731462925852
43.48697394789579,-32.4811571904306,28.9152439158916,136.97394789579158
43.687374749499,-33.76859064611325,27.717665815836572,137.374749498998
43.88777555110221,-35.01197412512896,26.463153831038827,137.77555110220442
44.08817635270541,-36.20880490865761,25.153324654884585,138.1763527054108
44.28857715430862,-37.35663949703943,23.78990441009339,138.57715430861725
44.48897795591183,-38.45309837159941,22.374726482925045,138.97795591182364
44.68937875751503,-39.49587067734411,20.909729151070913,139.37875751503006
44.88977955911824,-40.48271881762638,19.396953008120335,139.77955911823648
45.09018036072145,-41.41148295197947,17.838538187875812,140.1803607214429
45.29058116232465,-42.28008538844535,16.236721392168,140.5811623246493
45.49098196392786,-43.08653486185881,14.593832726197563,140.9819639278557
45.69138276553107,-43.82893068970375,12.912292345800317,141.38276553106215
45.89178356713427,-44.505466797329404,11.194606921393236,141.78356713426854
46.09218436873748,-45.11443560449861,9.443365923717877,142.18436873747495
46.29258517034068,-45.65423176544293,7.661237736845684,142.58517034068137
46.49298597194389,-46.12335575481521,5.85096560425077,142.98597194388776
46.6933867735471,-46.52041729216161,4.015363414090168,143.3867735470942
46.8937875751503,-46.844138597781026,2.157311330152105,143.7875751503006
47.09418837675351,-47.09335747309956,0.27975127524869264,144.18837675350701
47.294589178356716,-47.26703019896094,-1.6143177258675543,144.58917835671343
47.49498997995992,-47.36423424552103,-3.5218443366942265,144.98997995991982
47.69539078156313,-47.38417078773355,-5.4397298246249575,145.39078156312627
47.895791583166336,-47.32616702072649,-7.364833094131056,145.79158316633266
48.09619238476954,-47.18967826969195,-9.293975829306122,146.19238476953907
48.296593186372746,-46.974289889247636,-11.223947737356635,146.5931863727455
48.496993987975955,-46.67971894757336,-13.151511884393198,146.9939879759519
48.69739478957916,-46.30581569098238,-15.073410114665542,147.39478957915833
48.897795591182366,-45.85256478495257,-16.98636854418217,147.79559118236472
49.098196392785574,-45.32008632801724,-18.88710311947303,148.19639278557116
49.298597194388776,-44.70863663529796,-20.772325232084395,148.59719438877755
49.498997995991985,-44.01860878885252,-22.638747379242837,148.99799599198397
49.699398797595194,-43.250532952409095,-24.483088860986907,149.3987975951904
49.899799599198396,-42.40507644846112,-26.302081503948102,149.79959919839678
50.100200400801604,-41.48304359610735,-28.09247540185696,150.20040080160322
50.30060120240481,-40.48537530843719,-29.85104466276436,150.6012024048096
50.501002004008015,-39.41314844867856,-31.574593152901397,151.00200400801603
50.701402805611224,-38.26757494474964,-33.259960227047934,151.40280561122245
50.90180360721443,-37.05000066228119,-34.90402643524656,151.80360721442887
51.102204408817634,-35.76190403660221,-36.50371919568517,152.20440881763528
51.30260521042084,-34.404894464611765,-38.056018423571665,152.60521042084167
51.50300601202405,-32.98071045788931,-39.557962105844844,153.00601202404812
51.703406813627254,-31.491217558823326,-41.00665181160607,153.4068136272545
51.90380761523046,-29.93840602196819,-42.39925812821062,153.80761523046093
52.10420841683367,-28.324388263264453,-43.733026013033765,154.20841683366734
52.30460921843687,-26.65139608018213,-45.00528005101894,154.60921843687373
52.50501002004008,-24.921777646266925,-46.213429608226875,155.01002004008018
52.70541082164329,-23.13799428398723,-47.354973871731445,155.41082164328657
52.90581162324649,-21.302617020189672,-48.42750676635716,155.81162324649299
53.1062124248497,-19.418322928878847,-49.4287217389145,156.2124248496994
53.30661322645291,-17.48789126643788,-50.35641640077151,156.61322645290582
53.50701402805611,-15.514199404796706,-51.208497019799346,157.01402805611224
53.70741482965932,-13.500218568443128,-51.982982852943074,157.41482965931863
53.90781563126253,-11.449009381548574,-52.67801031090113,157.81563126252507
54.10821643286573,-9.363717231845964,-53.2918369466457,158.21643286573146
54.30861723446894,-7.247567458257459,-53.822845259778525,158.61723446893788
54.50901803607215,-5.103860369617589,-54.269546308996226,159.0180360721443
54.70941883767535,-2.935966102170788,-54.63058312523389,159.4188376753507
54.90981963927856,-0.7473193238501241,-54.904733918363554,159.81963927855713
55.11022044088177,1.4585862063458812,-55.090915070647,160.22044088176352
55.31062124248497,3.6782032152617474,-55.18818391047914,160.62124248496994
55.51102204408818,5.907936619877629,-55.19574126030697,161.02204408817636
55.71142284569139,8.144149349811602,-55.11293375297115,161.42284569138278
55.91182364729459,10.383168278604188,-54.9392559110911,161.8236472945892
56.1122244488978,12.621290254113767,-54.67435198449906,162.22444889779558
56.31262525050101,14.854788218126155,-54.318017541125194,162.62525050100203
56.51302605210421,17.079917405075204,-53.870200807140286,163.02605210420842
56.71342685370742,19.292921609576076,-53.331003752578795,163.42685370741484
56.91382765531062,21.490039512297457,-52.70068291908838,163.82765531062125
57.11422845691383,23.66751105354446,-51.97964998688328,164.22845691382764
57.31462925851704,25.821583843778555,-51.16847207841926,164.6292585170341
57.51503006012024,27.948519600184383,-50.2678717967515,165.03006012024048
57.71543086172345,30.044600598285754,-49.27872699698996,165.4308617234469
57.91583166332666,32.10613612753062,-48.20207028972163,165.8316633266533
58.11623246492986,34.12946893969808,-47.03908827573035,166.2324649298597
58.31663326653307,36.1109816789348,-45.79112051180825,166.63326653306615
58.517034068136276,38.04710328219884,-44.45965820792053,167.03406813627254
58.71743486973948,39.93431533888406,-43.04634265645186,167.43486973947896
58.91783567134269,41.769158398407725,-41.55296339473355,167.83567134268537
59.118236472945895,43.54823821457491,-39.981456102520674,168.2364729458918
59.3186372745491,45.26823191558701,-38.33390023655505,168.6372745490982
59.519038076152306,46.92589408862952,-36.612516404819715,169.0380761523046
59.719438877755515,48.5180627680652,-34.8196634835557,169.43887775551104
59.91983967935872,50.04166531636993,-32.95783548057229,169.83967935871743
60.120240480961925,51.49372418707645,-31.029658148841893,170.24048096192385
60.320641282565134,52.871362559139314,-29.037885354824688,170.64128256513027
60.521042084168336,54.171809832304284,-26.985395206413706,171.04208416833666
60.721442885771545,55.39240697324972,-24.87518594583551,171.4428857715431
60.92184368737475,56.530611702474104,-22.710371613274457,171.8436873747495
61.122244488977955,57.584003512127346,-20.49417748741582,172.2444889779559
61.322645290581164,58.55028850522557,-18.229935309520062,172.64529058116233
61.52304609218437,59.42730404694769,-15.921078298051214,173.04609218436875
61.723446893787575,60.21302321899104,-13.571135961276838,173.44689378757516
61.92384769539078,60.9055590682555,-11.183728715647304,173.84769539078155
62.12424849699399,61.503168641436815,-8.762562318137485,174.248496993988
62.324649298597194,62.004256797436845,-6.311422121094297,174.6492985971944
62.5250501002004,62.4073797898402,-3.83416715848636,175.0501002004008
62.72545090180361,62.71124861206397,-1.3347240727883252,175.45090180360722
62.92585170340681,62.91473209815962,1.1829191079486159,175.8517034068136
63.12625250501002,63.0168597726313,3.714719332978832,176.25250501002006
63.32665330661323,63.01682444303405,6.25658502154443,176.65330661322645
63.52705410821643,62.91398452952727,8.804382674933118,177.05410821643287
63.72745490981964,62.707866125982335,11.353943597225308,177.45490981963928
63.92785571142285,62.39816478767853,13.901070713805291,177.8557114228457
64.12825651302606,61.98474704106703,16.44154547648733,178.25651302605212
64.32865731462925,61.46765161153854,18.971134843902384,178.6573146292585
64.52905811623246,60.84709036559439,21.4855983256063,179.05811623246493
64.72945891783567,60.123448964295505,23.980695078198405,179.45891783567134
64.92985971943888,59.2972872253423,26.452191041599328,179.85971943887776
65.13026052104209,58.36933919162832,28.89586610350095,180.26052104208418
65.3306613226453,57.34051290460268,31.30752127989816,180.6613226452906
65.53106212424849,56.21188988127584,33.68298589952254,181.06212424849699
65.7314629258517,54.98472429420554,36.01812477993294,181.4629258517034
65.93186372745491,53.66044185430842,38.30884538296697,181.86372745490982
66.13226452905812,52.24063839684843,40.55110493723991,182.26452905811624
66.33266533066133,50.72707817146802,42.740917515365666,182.66533066132266
66.53306613226454,49.12169183763718,44.874361053596004,183.06613226452907
66.73346693386773,47.42657416740871,46.94758430161129,183.46693386773546
66.93386773547094,45.643981457877786,48.95681369025589,183.86773547094188
67.13426853707415,43.77632865625515,50.898360105090994,184.2685370741483
67.33466933867736,41.8261862009666,52.76862555374252,184.66933867735472
67.53507014028057,39.79627658269756,54.56410971514202,185.07014028056113
67.73547094188378,37.68947062979782,56.28141635890473,185.47094188376755
67.93587174348697,35.50878352295622,57.91725962325345,185.87174348697394
68.13627254509018,33.257370544539654,59.46847014008343,186.27254509018036
68.33667334669339,30.938522568475868,60.93200099596749,186.67334669338678
68.5370741482966,28.555661297023704,62.30493351813136,187.0741482965932
68.7374749498998,26.112334251245493,63.58448287467104,187.4749498997996
68.93787575150301,23.61220952244514,64.76800347855273,187.87575150300603
69.13827655310621,21.059070292280666,65.85299418521969,188.27655310621242
69.33867735470942,18.45680912969084,66.837103273935,188.67735470941884
69.53907815631263,15.809422073198007,67.71813320331,189.07815631262525
69.73947895791584,13.121002507552511,68.49404513180973,189.47895791583167
69.93987975951904,10.395734844081757,69.16296319438263,189.8797595190381
70.14028056112225,7.63788801448407,69.72317852673632,190.2805611222445
70.34068136272545,4.851808788172955,70.1731530291712,190.6813627254509
70.54108216432866,2.0419149236243155,70.51152286229002,191.0821643286573
70.74148296593187,-0.7873118354831748,70.7371016673212,191.48296593186373
70.94188376753507,-3.6313329082375936,70.84888350423037,191.88376753507015
71.14228456913828,-6.485560157169674,70.84604550124152,192.28456913827657
71.34268537074149,-9.345363289957136,70.72795020985221,192.68537074148298
71.54308617234469,-12.206077370216528,70.49414765990028,193.08617234468937
71.7434869739479,-15.063010425202036,70.14437710972481,193.4869739478958
71.9438877755511,-17.911451138003464,69.67856848696022,193.8877755511022
72.14428857715431,-20.74667661164271,69.09684351600755,194.28857715430863
72.34468937875752,-23.56396019227824,68.39951652874191,194.68937875751504
72.54509018036072,-26.358579338572156,67.58709495553768,195.09018036072143
72.74549098196393,-29.125823524134955,66.6602794942231,195.49098196392785
72.94589178356713,-31.861002159843963,65.61996395511282,195.89178356713427
73.14629258517034,-34.5594525227408,64.46723478080762,196.2925851703407
73.34669338677355,-37.21654767813632,63.20337023999888,196.6933867735471
73.54709418837676,-39.82770438150424,61.829839295064254,197.09418837675352
73.74749498997996,-42.38839094671569,60.34830014379452,197.4949899799599
73.94789579158316,-44.894135067164676,58.76059843614612,197.89579158316633
74.14829659318637,-47.3405315763474,57.06876516747132,198.29659318637275
74.34869739478958,-49.72325013450801,55.2750142502301,198.69739478957916
74.54909819639279,-52.03804282801959,53.3817397667462,199.09819639278558
74.749498997996,-54.2807516682612,51.391512906120624,199.498997995992
74.9498997995992,-56.447315976860374,49.307078588965744,199.8997995991984
75.1503006012024,-58.53377964430437,47.131351784169134,200.3006012024048
75.35070140280561,-60.536298249077284,44.86741352243892,200.70140280561122
75.55110220440882,-62.45114602466161,42.518506611914525,201.10220440881764
75.75150300601203,-64.27472266194027,40.08803106165868,201.50300601202406
75.95190380761524,-66.0035599347595,37.57953921936578,201.90380761523048
76.15230460921843,-67.63432813665688,34.99673063013479,202.30460921843687
76.35270541082164,-69.16384231702571,32.343446623656504,202.70541082164328
76.55310621242485,-70.58906830527037,29.623664637662124,203.1062124248497
76.75350701402806,-71.90712851182089,26.84149228595405,203.50701402805612
76.95390781563127,-73.11530749519652,24.00116117981658,203.90781563126254
77.15430861723448,-74.21105728466004,21.107020512056327,204.30861723446895
77.35470941883767,-75.19200244836901,18.163530413366264,204.70941883767534
77.55511022044088,-76.05594489731726,15.175255091133545,205.11022044088176
77.75551102204409,-76.80086841576149,12.14685576122929,205.51102204408818
77.9559118236473,-77.42494290925191,9.08308338370591,205.9118236472946
78.15631262525051,-77.92652836182074,5.988771213716398,206.31262525050101
78.35671342685372,-78.30417849433857,2.868827179326518,206.71342685370743
78.55711422845691,-78.55664411651728,-0.271773901763406,207.11422845691382
78.75751503006012,-78.682876165523,-3.4279982542467597,207.51503006012024
78.95791583166333,-78.6820284246603,-6.5947612133405,207.91583166332666
79.15831663326654,-78.55345991610078,-9.766935416087824,208.31663326653307
79.35871743486975,-78.29673696215276,-12.939359102635658,208.7174348697395
79.55911823647295,-77.91163491010403,-16.10684451404873,209.1182364729459
79.75951903807615,-77.39813951621561,-19.26418637299942,209.5190380761523
79.95991983967936,-76.75644798499994,-22.406170433475406,209.91983967935872
80.16032064128257,-75.98696966048242,-25.527582085465042,210.32064128256513
80.36072144288578,-75.09032636671597,-28.623215000435614,210.72144288577155
80.56112224448898,-74.06735239539894,-31.687879803282666,211.12224448897797
80.7615230460922,-72.91909413903247,-34.71641275632323,211.5230460921844
80.96192384769539,-71.64680936864279,-37.70368444082603,211.92384769539078
81.1623246492986,-70.2519661556888,-40.64460842151265,212.3246492985972
81.3627254509018,-68.7362414383749,-43.53414987942522,212.7254509018036
81.56312625250501,-67.10151923318486,-46.36733419855616,213.12625250501003
81.76352705410822,-65.34988849305768,-49.139255491641464,213.52705410821645
81.96392785571143,-63.48364061422411,-51.84508505056487,213.92785571142286
82.16432865731463,-61.505266594324475,-54.48007970688265,214.32865731462925
82.36472945891784,-59.417453845024035,-57.03959008807098,214.72945891783567
82.56513026052104,-57.22308266294142,-59.519068755206355,215.1302605210421
82.76553106212425,-54.92522236329013,-61.914078207937386,215.5310621242485
82.96593186372746,-52.527127081225366,-64.22029874276099,215.93186372745492
83.16633266533066,-50.03223124646426,-66.43353615080844,216.3326653306613
83.36673346693387,-47.444144737320876,-68.54972924155818,216.73346693386773
83.56713426853707,-44.7666477208658,-70.56495717912401,217.13426853707415
83.76753507014028,-42.003685186468225,-72.47544661803232,217.53507014028057
83.96793587174349,-39.15936118053224,-74.2775786256785,217.93587174348698
84.1683366733467,-36.23793275076838,-75.9678953789601,218.3366733466934
84.3687374749499,-33.24380360886668,-77.54310662291083,218.7374749498998
84.5691382765531,-30.181517520944777,-79.0000958795093,219.1382765531062
84.76953907815631,-27.055751435646748,-80.33592639520359,219.53907815631263
84.96993987975952,-23.871308360240075,-81.54784681608878,219.93987975951904
85.17034068136273,-20.63310999553373,-82.63329658008082,220.34068136272546
85.37074148296594,-17.346189140884174,-83.58991101586406,220.74148296593188
85.57114228456913,-14.015681880990286,-84.4155261388381,221.14228456913827
85.77154308617234,-10.646819566592274,-85.10818313475824,221.5430861723447
85.97194388777555,-7.244920601585485,-85.66613252224914,221.9438877755511
86.17234468937876,-3.815382049435736,-86.08783798587316,222.34468937875752
86.37274549098197,-0.36367107213900224,-86.37197987195405,222.74549098196394
86.57314629258518,3.104683784696859,-86.51745833988882,223.14629258517036
86.77354709418837,6.584101446756848,-86.52339616222969,223.54709418837675
86.97394789579158,10.068957291729355,-86.3891411673782,223.94789579158316
87.17434869739479,13.553592241366715,-86.11426831930783,224.34869739478958
87.374749498998,17.032321950205468,-85.69858142931656,224.749498997996
87.57515030060121,20.499446076023563,-85.1421144954076,225.15030060120242
87.77555110220442,23.949257616920917,-84.44513266550095,225.55110220440883
87.97595190380761,27.376052299734354,-83.60813282129483,225.95190380761522
88.17635270541082,30.774138004352935,-82.63184378021617,226.35270541082164
88.37675350701403,34.1378442083706,-81.51722611353097,226.75350701402806
88.57715430861724,37.46153143642735,-80.26547157931707,227.15430861723448
88.77755511022045,40.739600698508426,-78.87800216964372,227.5551102204409
88.97795591182366,43.966502901433046,-77.35646877194378,227.9559118236473
89.17835671342685,47.13674821774319,-75.70274944521029,228.3567134268537
89.37875751503006,50.24491539621369,-73.91894731229517,228.75751503006012
89.57915831663327,53.285660998233126,-72.00738807023781,229.15831663326654
89.77955911823648,56.25372854437665,-69.97061712119239,229.55911823647295
89.97995991983969,59.14395755556936,-67.81139632717326,229.95991983967937
90.1803607214429,61.95129247335907,-65.53270039247494,230.3607214428858
90.38076152304609,64.67079144395605,-63.13771287826373,230.76152304609218
90.5811623246493,67.2976349508659,-60.629821854467416,231.1623246492986
90.78156312625251,69.82713428112997,-58.01261519472132,231.56312625250501
90.98196392785572,72.25473981041478,-55.28987552073977,231.96392785571143
91.18236472945893,74.57604909242839,-52.46557480310096,232.36472945891785
91.38276553106213,76.78681473841594,-49.54386862602945,232.76553106212427
91.58316633266533,78.88295207277979,-46.52909012435311,233.16633266533066
91.78356713426854,80.86054655118939,-43.42574360139057,233.56713426853707
91.98396793587175,82.71586092788858,-40.23849783709224,233.9679358717435
92.18436873747495,84.44534215927519,-36.97217909631096,234.3687374749499
92.38476953907816,86.0456280312175,-33.63176384761794,234.76953907815633
92.58517034068136,87.51355349798462,-30.222371203602947,235.17034068136272
92.78557114228457,88.84615672110158,-26.749255094103223,235.57114228456913
92.98597194388778,90.04068479689457,-23.217796184301513,235.97194388777555
93.18637274549098,91.09459916196987,-19.63349355009504,236.37274549098197
93.3867735470942,92.00558066636292,-16.0019561236006,236.7735470941884
93.5871743486974,92.77153430460986,-12.328893922087344,237.1743486973948
93.7875751503006,93.3905935955269,-8.620109074043771,237.5751503006012
93.9879759519038,93.86112460203275,-4.881486656473684,237.9759519038076
94.18837675350701,94.18172958291542,-1.118985357891444,238.37675350701403
94.38877755511022,94.35125026902895,2.6613720181785454,238.77755511022045
94.58917835671343,94.3687707570007,6.453508194059409,239.17835671342687
94.78957915831664,94.23362001414205,10.251301187706161,239.57915831663328
94.98997995991984,93.94537398887836,14.04859419571039,239.97995991983967
95.19038076152304,93.5038573216503,17.83920557357309,240.3807615230461
95.39078156312625,92.90914465188385,21.616938897063747,240.7815631262525
95.59118236472946,92.16156151728345,25.375593088299265,241.18236472945893
95.79158316633267,91.26168484236621,29.108972589994558,241.58316633266534
95.99198396793588,90.21034301382853,32.810897571201174,241.98396793587176
96.19238476953907,89.00861554101448,36.47521414773224,242.38476953907815
96.39278557114228,87.65783230043868,40.09580460038657,242.78557114228457
96.59318637274549,86.15957236400762,43.66659757401851,243.18637274549098
96.7935871743487,84.51566241127001,47.18157824047943,243.5871743486974
96.99398797595191,82.72817472672506,50.634798408441924,243.98797595190382
97.19438877755512,80.79942478390832,54.02038656314922,244.38877755511024
97.39478957915831,78.73196841867012,57.33255781918383,244.78957915831663
97.59519038076152,76.52859859475343,60.5656237694304,245.19038076152304
97.79559118236473,74.1923417654677,63.7140022135186,245.59118236472946
97.99599198396794,71.7264538359409,66.7722267491698,245.99198396793588
98.19639278557115,69.13441573111267,69.73495621003752,246.3927855711423
98.39679358717436,66.41992857530614,72.59698393382627,246.79358717434872
98.59719438877755,63.58690848988365,75.3532468446951,247.1943887775551
98.79759519038076,60.63948101614797,77.99883433420385,247.59519038076152
98.99799599198397,57.58197517130608,80.52899692533099,247.99599198396794
99.19839679358718,54.418917145941144,82.9391547044046,248.39679358717436
99.39879759519039,51.155023652074966,85.22490550610941,248.79759519038078
99.5991983967936,47.79519493151041,87.38203283709286,249.1983967935872
99.79959919839679,44.34450743474633,89.40651352407367,249.59919839679358
100.0,40.808206181339195,91.29452507276277,250.0
